<?xml version="1.0" encoding="UTF-8" standalone="yes"?>
<addon id="repository.devicemodz" name="devicemodz" version="0.0.1" provider-name="devicemodz">
	<extension point="xbmc.addon.repository" name="devicemodz">
		<dir>
			<info compressed="false">https://offshoregit.com/tvaresolvers/tva-common-repository/raw/master/addons.xml</info>
			<checksum>https://offshoregit.com/tvaresolvers/tva-common-repository/raw/master/addons.xml.md5</checksum>
			<datadir zip="true">https://offshoregit.com/tvaresolvers/tva-common-repository/raw/master/zips/</datadir>
		</dir>
		<dir>
			<info compressed="false">https://raw.githubusercontent.com/noobsandnerds/modules4all/master/zips/addons.xml</info>
			<checksum>https://raw.githubusercontent.com/noobsandnerds/modules4all/master/zips/addons.xml.md5</checksum>
			<datadir zip="true">https://raw.githubusercontent.com/noobsandnerds/modules4all/master/zips/</datadir>
		</dir>
		<info compressed="false">https://raw.githubusercontent.com/okidevicemodz/repository.devicemodz/master/zips/addons.xml</info>
		<checksum>https://raw.githubusercontent.com/okidevicemodz/repository.devicemodz/master/zips/addons.xml.md5</checksum>
		<datadir zip="true">https://raw.githubusercontent.com/okidevicemodz/repository.devicemodz/master/zips/</datadir>
	</extension>
	<extension point="xbmc.addon.metadata">
		<summary lang="en">My First Repo for KODI will grow</summary>
		<description lang="en">Full repository description.</description>
		<genre>adult,anime,comedy,devtools,documentary,downloads,health,howto,kids,livetv,movies,music,news,podcasts,radio,sports,tech,trailers,tvshows,uk,usa</genre>
	</extension>
</addon>